0,0.095422905982906,0.00153435538636864,0.00356457848535906
10,0.095422905982906,0,0.00478481475461548
20,0.095422905982906,0,0.00203011428114009
30,0.095422905982906,0,0.00171063914937966
40,0.095422905982906,0,0.00226877161141462
50,0.095422905982906,0,0.00281596029968418
60,0.095422905982906,0,0.00335241979798768
70,0.095422905982906,0,0.00387836048259894
80,0.095422905982906,0,0.00439398860476686
90,0.095422905982906,0,0.00489950637159814
100,0.095422905982906,-0.00153435538636864,0.00433778251380505
110,0.0950796581196581,0,0.00199542538943685
120,0.095422905982906,-0.00153435538636864,0.00340621886366924
130,0.095422905982906,-0.00153435538636864,0.00182954396094664
140,0.095422905982906,-0.00306871077273728,0.000503504452625392
150,0.095422905982906,-0.00153435538636864,-0.00171471004016055
160,0.095422905982906,-0.00306871077273728,0.000281300610477012
170,0.0957661538461538,-0.00153435538636864,-0.000826266723864305
180,0.0957661538461538,-0.00306871077273728,0.00208572587333603
190,0.095422905982906,-0.00153435538636864,0.000707830806649959
200,0.095422905982906,-0.00153435538636864,0.00278239608937581
210,0.0957661538461538,-0.00153435538636864,0.00400699927415389
220,0.0957661538461538,-0.00306871077273728,0.00421019182324774
230,0.0957661538461538,-0.00153435538636864,0.00215424403077751
240,0.095422905982906,-0.00153435538636864,0.00489890382880035
250,0.0961094017094017,-0.00306871077273728,0.00456116863620613
260,0.0957661538461538,-0.00306871077273728,0.00260510203207222
270,0.0961094017094017,-0.00306871077273728,0.00167381848940647
280,0.0961094017094017,-0.00306871077273728,0.00256341286243021
290,0.0961094017094017,-0.00153435538636864,0.00402725668080964
300,0.0961094017094017,-0.00306871077273728,0.00678627977461254
310,0.0961094017094017,-0.00306871077273728,0.00426314412322666
320,0.0961094017094017,-0.00306871077273728,0.00353216847095832
330,0.0964526495726496,-0.00306871077273728,0.00392181589498009
340,0.0961094017094017,-0.00306871077273728,0.00476733188750243
350,0.0964526495726496,-0.00153435538636864,0.00549163437364564
360,0.0961094017094017,0,0.0108022402417238
370,0.0967958974358974,-0.00306871077273728,0.0131998586513749
380,0.0967958974358974,-0.00460306615910592,0.00764224982562777
390,0.0967958974358974,-0.00460306615910592,0.00277220787482643
400,0.0967958974358974,-0.00460306615910592,0.00188873678102458
410,0.0971391452991453,-0.00460306615910592,0.00212887887020956
420,0.0974823931623932,-0.00613742154547457,0.00224038518317496
430,0.0974823931623932,-0.00306871077273728,0.00185033399436871
440,0.0971391452991453,-0.00460306615910592,0.00708647081288813
450,0.0974823931623932,-0.00306871077273728,0.00561019355566412
460,0.0971391452991453,-0.00306871077273728,0.00881020068640609
470,0.0974823931623932,-0.00153435538636864,0.0103329595864473
480,0.0974823931623932,-0.00460306615910592,0.0126179807949722
490,0.097825641025641,-0.00460306615910592,0.00678541709191102
500,0.097825641025641,-0.00613742154547457,0.0048322417883777
510,0.0981688888888889,-0.00613742154547457,0.00158251195022043
520,0.0981688888888889,-0.00613742154547457,0.00147616947081644
530,0.0981688888888889,-0.00460306615910592,0.00260212946623495
540,0.0985121367521367,-0.00613742154547457,0.00526484075491387
550,0.0981688888888889,-0.00153435538636864,0.0062827790138885
560,0.0981688888888889,-0.00306871077273728,0.0144112942005752
570,0.0981688888888889,-0.00306871077273728,0.0132612866450327
580,0.0981688888888889,-0.00613742154547457,0.0102519877537833
590,0.0985121367521367,-0.00613742154547457,0.0031799246903565
600,0.0988553846153846,-0.00613742154547457,0.00240799218703256
610,0.0988553846153846,-0.00613742154547457,0.00339388236619752
620,0.0988553846153846,-0.00613742154547457,0.00342916728683574
630,0.0991986324786325,-0.00613742154547457,0.00346588867148693
640,0.0991986324786325,-0.00613742154547457,0.00420034558789543
650,0.0991986324786325,-0.00613742154547457,0.00422194582938858
660,0.0991986324786325,-0.00613742154547457,0.00401030401709904
670,0.0991986324786325,-0.00613742154547457,0.00380281204426615
680,0.0991986324786325,-0.00613742154547457,0.00359938854148882
690,0.0995418803418803,-0.00767177693184321,0.00257757106813283
700,0.0991986324786325,-0.00767177693184321,-0.000574732180997767
710,0.0995418803418803,-0.00920613231821185,-0.00327048922044786
720,0.0995418803418803,-0.00920613231821185,-0.0064919824316045
730,0.0995418803418803,-0.00767177693184321,-0.00644458651035466
740,0.0995418803418803,-0.00920613231821185,-0.00420289444997677
750,0.0995418803418803,-0.00613742154547457,-0.00511855836593571
760,0.0995418803418803,-0.00767177693184321,-0.000102850594808782
770,0.0995418803418803,-0.00613742154547457,-0.00109890752753573
780,0.0995418803418803,-0.00767177693184321,0.000352610058383043
790,0.0998851282051282,-0.00767177693184321,-0.00234610351762399
800,0.0991986324786325,-0.00767177693184321,-0.00302065252087724
810,0.0995418803418803,-0.00767177693184321,-0.00467105152944504
820,0.0995418803418803,-0.00920613231821185,-0.00548387112760197
830,0.0995418803418803,-0.00767177693184321,-0.00807027222124261
840,0.0995418803418803,-0.00920613231821185,-0.00666804734598072
850,0.0988553846153846,-0.00613742154547457,-0.00800526862032089
860,0.0995418803418803,-0.00920613231821185,-0.0053871993167072
870,0.0995418803418803,-0.00920613231821185,-0.00961141960047314
880,0.0995418803418803,-0.00920613231821185,-0.0111987126119787
890,0.0995418803418803,-0.00767177693184321,-0.0104205030077728
900,0.0991986324786325,-0.00767177693184321,-0.00727846913367522
910,0.0991986324786325,-0.00613742154547457,-0.00645319994084763
920,0.0988553846153846,-0.00613742154547457,-0.00343791703177825
930,0.0991986324786325,-0.00613742154547457,-0.00332647763801492
940,0.0988553846153846,-0.00613742154547457,-0.00292660243295241
950,0.0988553846153846,-0.00767177693184321,-0.00475599002791341
960,0.0988553846153846,-0.00920613231821185,-0.00975522987672956
970,0.0985121367521367,-0.00767177693184321,-0.0136012442284373
980,0.0988553846153846,-0.00920613231821185,-0.012793281130973
990,0.0988553846153846,-0.00767177693184321,-0.0139036366954484
1000,0.0985121367521367,-0.00767177693184321,-0.0113360875886705
1010,0.0985121367521367,-0.00613742154547457,-0.0104355139000704
1020,0.0981688888888889,-0.00613742154547457,-0.00734640305396915
1030,0.0981688888888889,-0.00613742154547457,-0.00739753017462011
1040,0.0981688888888889,-0.00767177693184321,-0.0086778721308768
1050,0.097825641025641,-0.00613742154547457,-0.0114919382831226
1060,0.097825641025641,-0.00613742154547457,-0.00972122197343113
1070,0.097825641025641,-0.00767177693184321,-0.0100867862950738
1080,0.0974823931623932,-0.00920613231821185,-0.0149900140276946
1090,0.0974823931623932,-0.00920613231821185,-0.0204955555989752
1100,0.0971391452991453,-0.00920613231821185,-0.0219442631585687
1110,0.0974823931623932,-0.00920613231821185,-0.0227239115064901
1120,0.0971391452991453,-0.00767177693184321,-0.0212689788473771
1130,0.0967958974358974,-0.00613742154547457,-0.0175702540845099
1140,0.0964526495726496,-0.00613742154547457,-0.0144118187010744
1150,0.0961094017094017,-0.00460306615910592,-0.0137454857389514
1160,0.0957661538461538,-0.00460306615910592,-0.0113516597031777
1170,0.0957661538461538,-0.00613742154547457,-0.0124433125513014
1180,0.095422905982906,-0.00613742154547457,-0.0163026067100158
1190,0.095422905982906,-0.00613742154547457,-0.0179378353469404
1200,0.095422905982906,-0.00613742154547457,-0.0179712017428258
1210,0.0950796581196581,-0.00613742154547457,-0.0180060422208565
1220,0.0950796581196581,-0.00613742154547457,-0.0187386551111665
1230,0.0947364102564102,-0.00767177693184321,-0.0200507238403226
1240,0.0947364102564102,-0.00613742154547457,-0.0233594033859511
1250,0.0943931623931624,-0.00613742154547457,-0.0209116378948344
1260,0.0940499145299145,-0.00460306615910592,-0.0198978089291156
1270,0.0937066666666667,-0.00153435538636864,-0.0152814600334126
1280,0.0933634188034188,-0.00153435538636864,-0.00814372598134863
1290,0.0933634188034188,-0.00153435538636864,-0.0070125326079762
1300,0.0930201709401709,-0.00613742154547457,-0.0101218675488203
1310,0.0930201709401709,-0.00613742154547457,-0.0214779625568847
1320,0.0930201709401709,-0.00613742154547457,-0.0240708430967419
1330,0.0930201709401709,-0.00767177693184321,-0.0248233637070366
1340,0.0926769230769231,-0.00920613231821185,-0.0294674354942108
1350,0.0926769230769231,-0.00613742154547457,-0.0326042435860728
1360,0.0919904273504274,-0.00613742154547457,-0.0267375500124303
1370,0.0919904273504274,-0.00613742154547457,-0.0265066991219208
1380,0.0913039316239316,-0.00613742154547457,-0.0270960440423725
1390,0.0909606837606838,-0.00153435538636864,-0.0256680655688034
1400,0.0906174358974359,0,-0.0149051580677983
1410,0.090274188034188,0,-0.0093506580274933
1420,0.0899309401709402,-0.00460306615910592,-0.0123072468656876
1430,0.0895876923076923,-0.00306871077273728,-0.0228640959426296
1440,0.0895876923076923,-0.00613742154547457,-0.0246396679760031
1450,0.0895876923076923,-0.00613742154547457,-0.0306772110460777
1460,0.0892444444444444,-0.00613742154547457,-0.0322417823662739
1470,0.0889011965811966,-0.00613742154547457,-0.0329663914701406
1480,0.087871452991453,-0.00613742154547457,-0.034381633086876
1490,0.0882147008547008,-0.00613742154547457,-0.0366982706213303
1500,0.087871452991453,-0.00153435538636864,-0.0330058014453281
1510,0.0871849572649573,0,-0.0216546629830214
1520,0.0868417094017094,0,-0.0169203770396472
1530,0.0864984615384615,0,-0.0168106532518655
1540,0.0861552136752137,0,-0.0173437340919949
1550,0.0864984615384615,-0.00306871077273728,-0.0195132560252565
1560,0.0858119658119658,-0.00460306615910592,-0.0267657921296955
1570,0.0858119658119658,-0.00613742154547457,-0.0341819691859102
1580,0.085468717948718,-0.00306871077273728,-0.0366662394782377
1590,0.0851254700854701,-0.00613742154547457,-0.032970789220679
1600,0.0847822222222222,-0.00153435538636864,-0.0359955342130633
1610,0.0837524786324786,0,-0.0270481991016025
1620,0.0837524786324786,-0.00153435538636864,-0.023983097545334
1630,0.0834092307692308,0,-0.0256696185362415
1640,0.0830659829059829,0.00153435538636864,-0.0221439709437722
1650,0.082722735042735,0,-0.0191083866771146
1660,0.0823794871794872,0,-0.0222338556244685
1670,0.082722735042735,-0.00306871077273728,-0.0252022477745462
1680,0.0823794871794872,-0.00460306615910592,-0.0321316997535398
1690,0.0820362393162393,-0.00460306615910592,-0.0377102894415419
1700,0.0813497435897436,-0.00153435538636864,-0.0374108313265994
1710,0.0810064957264957,-0.00306871077273728,-0.0327757547063805
1720,0.0806632478632479,0,-0.0332626660643862
1730,0.08032,0,-0.0274099363177496
1740,0.0792902564102564,0.00153435538636864,-0.0254433753588658
1750,0.0792902564102564,0.00306871077273728,-0.0227507941298877
1760,0.0789470085470085,0,-0.0201324292828601
1770,0.0786037606837607,0,-0.0265137855231225
1780,0.0782605128205128,0,-0.0286482470984329
1790,0.0782605128205128,0,-0.0287653512153052
1800,0.0782605128205128,-0.00613742154547457,-0.0321782031406769
1810,0.0775740170940171,-0.00306871077273728,-0.0441026730540934
1820,0.0772307692307692,-0.00153435538636864,-0.0406836775235954
1830,0.0768875213675214,0,-0.0349395395200021
1840,0.0762010256410256,0.00306871077273728,-0.0289403160516985
1850,0.0758577777777778,0.00306871077273728,-0.0220166215491648
1860,0.0755145299145299,0.00306871077273728,-0.0206317621573407
1870,0.0748280341880342,0.00306871077273728,-0.0210210002726937
1880,0.075171282051282,0,-0.0237479554856702
1890,0.0744847863247863,0,-0.0297912097350593
1900,0.0741415384615385,0,-0.0323525850322226
1910,0.0741415384615385,0,-0.0326554134940208
1920,0.0737982905982906,0,-0.0320231583895015
1930,0.0734550427350427,0,-0.0321038843280035
1940,0.072768547008547,0.00306871077273728,-0.0305382620715432
1950,0.0724252991452991,0.00306871077273728,-0.0244758619216556
1960,0.0720820512820513,0.00153435538636864,-0.0241213948939397
1970,0.0717388034188034,0.00153435538636864,-0.0278999048832944
1980,0.0713955555555555,0.00153435538636864,-0.0289924246401107
1990,0.0710523076923077,0.00153435538636864,-0.0291943073905873
2000,0.0707090598290598,0.00153435538636864,-0.0293943599809623
2010,0.070365811965812,0,-0.0306499478082773
2020,0.0700225641025641,0.00153435538636864,-0.0334397452066586
2030,0.0696793162393162,0.00153435538636864,-0.0309489087673163
2040,0.0689928205128205,0.00153435538636864,-0.030486674179248
2050,0.0689928205128205,0.00153435538636864,-0.0313704834292723
2060,0.0683063247863248,0.00306871077273728,-0.0300197976268345
2070,0.0679630769230769,0.00306871077273728,-0.0272477866565428
2080,0.0676198290598291,0.00460306615910592,-0.0256233207434892
2090,0.0672765811965812,0.00306871077273728,-0.0231146596693048
2100,0.0669333333333333,0.00460306615910592,-0.0248280470947537
2110,0.0665900854700855,0.00460306615910592,-0.0221532501359052
2120,0.0665900854700855,0.00306871077273728,-0.0220980979192144
2130,0.0662468376068376,0.00153435538636864,-0.0258904028984832
2140,0.0659035897435897,0.00153435538636864,-0.0303089328406992
2150,0.0659035897435897,0.00306871077273728,-0.0300981219272595
2160,0.065217094017094,0.00306871077273728,-0.0259446906701721
2170,0.0648738461538461,0.00306871077273728,-0.0258857688112484
2180,0.0645305982905983,0.00306871077273728,-0.0262358369443478
2190,0.0645305982905983,0.00460306615910592,-0.0250560744455852
2200,0.0638441025641026,0.00460306615910592,-0.0208240340293932
2210,0.0638441025641026,0.00460306615910592,-0.020453097522588
2220,0.0635008547008547,0.00306871077273728,-0.02085614289472
2230,0.0635008547008547,0.00460306615910592,-0.0230408045510812
2240,0.0631576068376068,0.00460306615910592,-0.0194910607371535
2250,0.062814358974359,0.00460306615910592,-0.0184541903782673
2260,0.0624711111111111,0.00460306615910592,-0.0185439410310949
2270,0.0621278632478632,0.00460306615910592,-0.0186340601924025
2280,0.0621278632478632,0.00306871077273728,-0.0195469233032448
2290,0.0617846153846154,0.00460306615910592,-0.0213022605187261
2300,0.0614413675213675,0.00460306615910592,-0.0184957029883892
2310,0.0610981196581197,0.00460306615910592,-0.0177218095937516
2320,0.0607548717948718,0.00460306615910592,-0.0178365622801285
2330,0.0607548717948718,0.00460306615910592,-0.0177162463941956
2340,0.0604116239316239,0.00613742154547457,-0.0158446328980264
2350,0.0604116239316239,0.00460306615910592,-0.0129186541299477
2360,0.0600683760683761,0.00460306615910592,-0.0148145990336602
2370,0.0600683760683761,0.00460306615910592,-0.0153963188353243
2380,0.0600683760683761,0.00460306615910592,-0.0143968334319346
2390,0.0597251282051282,0.00306871077273728,-0.0144764036183038
2400,0.0597251282051282,0.00153435538636864,-0.0189242288019735
2410,0.0597251282051282,0.00153435538636864,-0.0225863861682326
2420,0.0593818803418803,0.00306871077273728,-0.0216361618388605
2430,0.0590386324786325,0.00460306615910592,-0.0170952687491775
2440,0.0586953846153846,0.00460306615910592,-0.0128783596237377
2450,0.0586953846153846,0.00460306615910592,-0.0119966899734201
2460,0.0583521367521367,0.00613742154547457,-0.0102499945935758
2470,0.0580088888888889,0.00613742154547457,-0.00662410190028058
2480,0.0580088888888889,0.00613742154547457,-0.00568333526872473
2490,0.0580088888888889,0.00613742154547457,-0.00470108433869165
2500,0.057665641025641,0.00460306615910592,-0.00479755106756727
2510,0.057665641025641,0.00460306615910592,-0.00820461197743919
2520,0.0580088888888889,0.00460306615910592,-0.0079974352411095
2530,0.0580088888888889,0.00306871077273728,-0.00704903285120803
2540,0.0583521367521367,0,-0.0113114244503436
2550,0.057665641025641,0.00306871077273728,-0.0159938674974958
2560,0.057665641025641,0.00306871077273728,-0.0113524007307699
2570,0.057665641025641,0.00306871077273728,-0.00912322402025619
2580,0.0573223931623932,0.00306871077273728,-0.00844975321362472
2590,0.0569791452991453,0.00306871077273728,-0.00872289012067226
2600,0.0569791452991453,0.00306871077273728,-0.00899067140209139
2610,0.0569791452991453,0.00460306615910592,-0.00726459848005703
2620,0.0566358974358974,0.00460306615910592,-0.00296046832374663
2630,0.0566358974358974,0.00460306615910592,-0.0020532185618675
2640,0.0566358974358974,0.00306871077273728,-0.00239397533917311
2650,0.0566358974358974,0.00460306615910592,-0.00405193270643305
2660,0.0566358974358974,0.00306871077273728,-0.00150665036410333
2670,0.0573223931623932,0,-0.00501275772973296
2680,0.0566358974358974,0.00306871077273728,-0.00889381494297953
2690,0.0566358974358974,0.00306871077273728,-0.0041651313489789
2700,0.0566358974358974,0.00306871077273728,-0.00208326646469433
2710,0.0562926495726496,0.00153435538636864,-0.00261154852866033
2720,0.0566358974358974,0.00153435538636864,-0.00620701096143021
2730,0.0562926495726496,0.00153435538636864,-0.00595597973125875
2740,0.0566358974358974,0.00306871077273728,-0.00471034354833744
2750,0.0566358974358974,0.00306871077273728,0.000288991120458689
2760,0.0562926495726496,0.00306871077273728,0.00187568560859243
2770,0.0562926495726496,0.00460306615910592,0.00268598049757667
2780,0.0562926495726496,0.00460306615910592,0.00679287293696683
2790,0.0562926495726496,0.00306871077273728,0.00738069695513367
2800,0.0562926495726496,0.00306871077273728,0.0044716215100577
2810,0.0566358974358974,0.00306871077273728,0.00446856373139764
2820,0.0562926495726496,0.00306871077273728,0.00580041799877709
2830,0.0562926495726496,0.00306871077273728,0.0057092463587854
2840,0.0566358974358974,0.00306871077273728,0.00632044628211852
2850,0.0566358974358974,0.00306871077273728,0.00785093597177253
2860,0.0566358974358974,0.00153435538636864,0.00759563098921202
2870,0.0566358974358974,0.00153435538636864,0.00449848334048925
2880,0.0566358974358974,0.00306871077273728,0.00513342371516151
2890,0.0569791452991453,0.00153435538636864,0.00841890511395643
2900,0.0569791452991453,0.00306871077273728,0.00816769012615657
2910,0.0569791452991453,0.00306871077273728,0.0115796622411518
2920,0.0569791452991453,0.00153435538636864,0.0118918981598913
2930,0.0573223931623932,0.00153435538636864,0.00894758514844972
2940,0.0573223931623932,0.00153435538636864,0.00937348945016752
2950,0.057665641025641,0.00306871077273728,0.011256206860151
2960,0.057665641025641,0.00153435538636864,0.0151243458967867
2970,0.057665641025641,0,0.011932793746349
2980,0.0580088888888889,0,0.00793460599951788
2990,0.0583521367521367,0,0.00843358999670722
3000,0.0583521367521367,0,0.00979413336947722
3010,0.0586953846153846,0,0.0104316721875071
3020,0.0586953846153846,0,0.0115223472836708
3030,0.0590386324786325,0,0.0121281278795655
3040,0.0590386324786325,0,0.0131876674638319
3050,0.0593818803418803,0,0.0137629230480626
3060,0.0593818803418803,0,0.0147925361503055
3070,0.0597251282051282,0,0.015338452046278
3080,0.0604116239316239,0,0.016809194437943
3090,0.0600683760683761,0,0.0187146074575667
3100,0.0604116239316239,0,0.0184894210860698
3110,0.0604116239316239,0,0.0191999242121649
3120,0.0610981196581197,0,0.019900752554819
3130,0.0610981196581197,-0.00306871077273728,0.0196372727403445
3140,0.0614413675213675,-0.00153435538636864,0.014046264182161
3150,0.0614413675213675,0.00153435538636864,0.0187544511652297
3160,0.0621278632478632,-0.00306871077273728,0.0243264872302218
3170,0.0621278632478632,-0.00306871077273728,0.0170118662758663
3180,0.0624711111111111,-0.00306871077273728,0.0147781086174942
3190,0.0624711111111111,-0.00306871077273728,0.0154349987751065
3200,0.062814358974359,-0.00153435538636864,0.0166728295310297
3210,0.0631576068376068,-0.00153435538636864,0.0212010031063463
3220,0.0635008547008547,-0.00306871077273728,0.0222039761712115
3230,0.0635008547008547,-0.00306871077273728,0.019469091075812
3240,0.0638441025641026,-0.00306871077273728,0.0187055340712327
3250,0.0638441025641026,-0.00460306615910592,0.0182365996758734
3260,0.0645305982905983,-0.00460306615910592,0.0149342680767715
3270,0.0645305982905983,-0.00460306615910592,0.0154748108024075
3280,0.0645305982905983,-0.00153435538636864,0.0175938459318797
3290,0.065217094017094,-0.00460306615910592,0.0227889892333897
3300,0.0655603418803419,-0.00460306615910592,0.0190580044363136
3310,0.0655603418803419,-0.00460306615910592,0.018187094147081
3320,0.0659035897435897,-0.00460306615910592,0.0181468015278963
3330,0.0662468376068376,-0.00613742154547457,0.0177505533326281
3340,0.0665900854700855,-0.00613742154547457,0.0149829914280773
3350,0.0669333333333333,-0.00767177693184321,0.0138285243834529
3360,0.0669333333333333,-0.00613742154547457,0.011778518188409
3370,0.0669333333333333,-0.00613742154547457,0.0140654943678782
3380,0.0672765811965812,-0.00613742154547457,0.0145670694513125
3390,0.0672765811965812,-0.00460306615910592,0.0159432514241203
3400,0.0676198290598291,-0.00153435538636864,0.0215576298722826
3410,0.0676198290598291,-0.00153435538636864,0.0301415896343684
3420,0.0676198290598291,-0.00306871077273728,0.0307020477608072
3430,0.0683063247863248,-0.00613742154547457,0.025017215781531
3440,0.0686495726495727,-0.00613742154547457,0.0184616789320418
3450,0.0689928205128205,-0.00613742154547457,0.0176705769353873
3460,0.0696793162393162,-0.00767177693184321,0.0175846006324944
3470,0.0696793162393162,-0.00920613231821185,0.0142945875406079
3480,0.070365811965812,-0.00920613231821185,0.00990924856157156
3490,0.0707090598290598,-0.00920613231821185,0.010261491046823
3500,0.0700225641025641,-0.00613742154547457,0.0124244799667186
3510,0.0700225641025641,-0.00613742154547457,0.0172121138763252
3520,0.0707090598290598,-0.00613742154547457,0.0183117986459346
3530,0.070365811965812,-0.00613742154547457,0.0192748355302783
3540,0.0707090598290598,-0.00767177693184321,0.0173012399950249
3550,0.0710523076923077,-0.00920613231821185,0.012861203696698
3560,0.0710523076923077,-0.00920613231821185,0.00874104545326828
3570,0.0717388034188034,-0.0107404877045805,0.00666833822806169
3580,0.0720820512820513,-0.0107404877045805,0.00429262501296186
3590,0.0720820512820513,-0.0107404877045805,0.0038790689775922
3600,0.0720820512820513,-0.00920613231821185,0.00423820217298849
3610,0.0720820512820513,-0.0107404877045805,0.00591417563641574
3620,0.0724252991452991,-0.0107404877045805,0.00256417346675422
3630,0.0720820512820513,-0.0122748430909491,0.000428723567716374
3640,0.0720820512820513,-0.00920613231821185,-0.00268979361044096
3650,0.0720820512820513,-0.00920613231821185,0.00256056402605352
3660,0.0724252991452991,-0.00920613231821185,0.00381902196044279
3670,0.0720820512820513,-0.00920613231821185,0.00377362621207817
3680,0.0720820512820513,-0.00613742154547457,0.00444686848171044
3690,0.0720820512820513,-0.0107404877045805,0.0076286186803036
3700,0.0724252991452991,-0.0107404877045805,-0.00185440364830921
3710,0.0724252991452991,-0.0107404877045805,-0.00435362517504922
3720,0.072768547008547,-0.0107404877045805,-0.00465332094562053
3730,0.072768547008547,-0.0107404877045805,-0.00448150328926203
3740,0.072768547008547,-0.0107404877045805,-0.00501151016546496
3750,0.072768547008547,-0.0122748430909491,-0.00682127278116265
3760,0.0724252991452991,-0.0107404877045805,-0.0103871973152412
3770,0.0724252991452991,-0.0107404877045805,-0.00935359706617026
3780,0.0724252991452991,-0.0107404877045805,-0.00938449468079349
3790,0.0724252991452991,-0.0107404877045805,-0.0100533113157257
3800,0.0724252991452991,-0.0107404877045805,-0.0107090138989925
3810,0.0720820512820513,-0.0107404877045805,-0.0115868064136997
3820,0.0717388034188034,-0.00920613231821185,-0.0123234602026672
3830,0.0724252991452991,-0.0107404877045805,-0.0110190754949913
3840,0.0720820512820513,-0.0107404877045805,-0.0128750888596875
3850,0.0720820512820513,-0.0107404877045805,-0.0148145712115032
3860,0.0720820512820513,-0.00920613231821185,-0.0145545330908864
3870,0.0713955555555555,-0.0107404877045805,-0.0129799683119606
3880,0.0717388034188034,-0.00920613231821185,-0.0167689723668105
3890,0.0717388034188034,-0.0122748430909491,-0.0161462576932551
3900,0.0710523076923077,-0.00920613231821185,-0.0210945533017553
3910,0.0707090598290598,-0.0107404877045805,-0.0192830523692235
3920,0.0707090598290598,-0.00920613231821185,-0.0218506896210421
3930,0.070365811965812,-0.0107404877045805,-0.0210107913004996
3940,0.0700225641025641,-0.00767177693184321,-0.023130003313116
3950,0.0696793162393162,-0.00767177693184321,-0.0184718619896477
3960,0.0693360683760684,-0.00613742154547457,-0.0172065724618417
3970,0.0693360683760684,-0.00767177693184321,-0.0159192601490079
3980,0.0689928205128205,-0.00767177693184321,-0.0191889222735209
3990,0.0689928205128205,-0.00613742154547457,-0.0200600941526558
4000,0.0686495726495727,-0.00920613231821185,-0.0190799610371657
4010,0.0683063247863248,-0.00920613231821185,-0.026661720481897
4020,0.0683063247863248,-0.00920613231821185,-0.0297381010991039
4030,0.0679630769230769,-0.00920613231821185,-0.0303151465429816
4040,0.0679630769230769,-0.00920613231821185,-0.0313465144095842
4050,0.0672765811965812,-0.00613742154547457,-0.0300144384845112
4060,0.0669333333333333,-0.00613742154547457,-0.0248794608850872
4070,0.0662468376068376,-0.00613742154547457,-0.0248446675048675
4080,0.0662468376068376,-0.00613742154547457,-0.0267860616184763
4090,0.0655603418803419,-0.00613742154547457,-0.0275295532330629
4100,0.065217094017094,-0.00613742154547457,-0.0294246875040777
4110,0.065217094017094,-0.00920613231821185,-0.0326988657437735
4120,0.0648738461538461,-0.00767177693184321,-0.0391504293984049
4130,0.0645305982905983,-0.00920613231821185,-0.0393913148208348
4140,0.0641873504273504,-0.00613742154547457,-0.041233138323529
4150,0.0638441025641026,-0.00613742154547457,-0.0360702289608933
4160,0.0635008547008547,-0.00613742154547457,-0.0353673983180018
4170,0.0631576068376068,-0.00920613231821185,-0.0385378227674598
4180,0.0621278632478632,0,-0.0410021872303696
4190,0.0614413675213675,0,-0.0241399760966982
4200,0.0610981196581197,0,-0.020853563328587
4210,0.0604116239316239,0,-0.0219326328515312
4220,0.0600683760683761,-0.00460306615910592,-0.0266302980476567
4230,0.0600683760683761,-0.00460306615910592,-0.0381466684626922
4240,0.0597251282051282,-0.00613742154547457,-0.0417233210715972
4250,0.0597251282051282,-0.00767177693184321,-0.0467528097880111
4260,0.0593818803418803,-0.00613742154547457,-0.0501628428529941
4270,0.0586953846153846,-0.00153435538636864,-0.0451701510901663
4280,0.0580088888888889,0,-0.0342869713526112
4290,0.0573223931623932,-0.00153435538636864,-0.0310109956064526
4300,0.0566358974358974,0,-0.0345882721974308
4310,0.0559494017094017,0,-0.0337429458829306
4320,0.0562926495726496,-0.00153435538636864,-0.0350136269726961
4330,0.055262905982906,-0.00153435538636864,-0.0378886030675978
4340,0.0549196581196581,-0.00153435538636864,-0.0406563089968262
4350,0.0545764102564103,-0.00306871077273728,-0.0426265865650267
4360,0.0542331623931624,-0.00153435538636864,-0.0456514231406909
4370,0.0535466666666667,-0.00153435538636864,-0.0436259641121499
4380,0.0532034188034188,0,-0.0430261610901326
4390,0.0514871794871795,0.00306871077273728,-0.0388242332831802
4400,0.0521736752136752,0.00306871077273728,-0.0339489575976461
4410,0.0514871794871795,0.00306871077273728,-0.0306165654393723
4420,0.0508006837606838,0.00460306615910592,-0.0301344948704375
4430,0.0504574358974359,0.00306871077273728,-0.0288057599346812
4440,0.050114188034188,0,-0.033916652148027
4450,0.0497709401709402,0,-0.0421820140962305
4460,0.0497709401709402,0,-0.0439530879755663
4470,0.0487411965811966,0,-0.0437203146210104
4480,0.0487411965811966,0,-0.0453546536069635
4490,0.0480547008547009,0.00306871077273728,-0.0432168147203018
4500,0.0473682051282051,0.00306871077273728,-0.0370611832386119
4510,0.0466817094017094,0.00153435538636864,-0.0377815338678038
4520,0.0463384615384615,0.00306871077273728,-0.0415564571464994
4530,0.0456519658119658,0.00306871077273728,-0.0393351031600344
4540,0.0456519658119658,0.00306871077273728,-0.0391328104047752
4550,0.0446222222222222,0.00460306615910592,-0.037823608935168
4560,0.0442789743589744,0.00460306615910592,-0.0357907244383233
4570,0.0435924786324786,0.00613742154547457,-0.0344273836086971
4580,0.0435924786324786,0.00613742154547457,-0.0313480882011497
4590,0.0435924786324786,0.00306871077273728,-0.0314281306471516
4600,0.0432492307692308,0.00306871077273728,-0.0373753170676732
4610,0.0422194871794872,0.00613742154547457,-0.0372664688069217
4620,0.0422194871794872,0.00767177693184321,-0.0305285894278535
4630,0.0411897435897436,0.00613742154547457,-0.0259708403070093
4640,0.0411897435897436,0.00613742154547457,-0.0298701169380048
4650,0.0405032478632479,0.00613742154547457,-0.0303247774263732
4660,0.0405032478632479,0.00613742154547457,-0.0305976351865868
4670,0.0394735042735043,0.00767177693184321,-0.0291157426997886
4680,0.0398167521367521,0.00613742154547457,-0.027500989106003
4690,0.0391302564102564,0.00613742154547457,-0.0288220290545893
4700,0.0391302564102564,0.00613742154547457,-0.0297713906258492
4710,0.0384437606837607,0.00613742154547457,-0.0291365949803102
4720,0.0384437606837607,0.00613742154547457,-0.0294455203867563
4730,0.0381005128205128,0.00613742154547457,-0.0285864241593148
4740,0.037757264957265,0.00767177693184321,-0.027154608808865
4750,0.0370707692307692,0.00613742154547457,-0.0246640613438562
4760,0.0370707692307692,0.00767177693184321,-0.026858715923743
4770,0.0363842735042735,0.00767177693184321,-0.0234937852354841
4780,0.0360410256410256,0.0107404877045805,-0.0209890822316617
4790,0.0360410256410256,0.00920613231821185,-0.0145356481264578
4800,0.0356977777777778,0.00920613231821185,-0.0151216965712743
4810,0.0356977777777778,0.00613742154547457,-0.0174052065569585
4820,0.0353545299145299,0.00613742154547457,-0.0235371500005993
4830,0.0353545299145299,0.00613742154547457,-0.0247864360451888
4840,0.035011282051282,0.00613742154547457,-0.0238050308198617
4850,0.0346680341880342,0.00613742154547457,-0.0235434527183561
4860,0.0343247863247863,0.0107404877045805,-0.020349961909423
4870,0.0339815384615385,0.00920613231821185,-0.0104364560243527
4880,0.0339815384615385,0.0107404877045805,-0.00988330508273898
4890,0.0339815384615385,0.00767177693184321,-0.00791035505599835
4900,0.0336382905982906,0.00920613231821185,-0.0118916361417569
4910,0.0332950427350427,0.00767177693184321,-0.0108148378035904
4920,0.0332950427350427,0.00920613231821185,-0.0121871971488821
4930,0.0332950427350427,0.00767177693184321,-0.00930198604278165
4940,0.0332950427350427,0.00767177693184321,-0.0105972460614596
4950,0.0329517948717949,0.00767177693184321,-0.0103593689186559
4960,0.0322652991452991,0.00920613231821185,-0.0093658323950622
4970,0.0329517948717949,0.00767177693184321,-0.00706363823397867
4980,0.0329517948717949,0.00920613231821185,-0.00595067512121629
4990,0.0329517948717949,0.00767177693184321,-0.002491421527051
5000,0.0329517948717949,0.00920613231821185,-0.00286502084008222
5010,0.0329517948717949,0.00767177693184321,6.80926896912446E-05
5020,0.0329517948717949,0.00920613231821185,-0.000355693176609439
5030,0.0329517948717949,0.00767177693184321,0.00252821784995868
5040,0.0332950427350427,0.00613742154547457,0.000176482057156682
5050,0.032608547008547,0.00920613231821185,-0.000657263752314971
5060,0.0329517948717949,0.00920613231821185,0.00537835231863328
5070,0.032608547008547,0.00767177693184321,0.00750917789949705
5080,0.0329517948717949,0.0107404877045805,0.00665983749838368
5090,0.0329517948717949,0.0107404877045805,0.0148333338085345
5100,0.0322652991452991,0.0122748430909491,0.0186116473901273
5110,0.0322652991452991,0.0107404877045805,0.0205001606182148
5120,0.0332950427350427,0.00767177693184321,0.0171106765512393
5130,0.0329517948717949,0.00767177693184321,0.0126283363252187
5140,0.0336382905982906,0.00767177693184321,0.0120093602059628
5150,0.0336382905982906,0.00767177693184321,0.0145421187422249
5160,0.0339815384615385,0.00767177693184321,0.0160960695930622
5170,0.0343247863247863,0.00613742154547457,0.0170299866722975
5180,0.035011282051282,0.00767177693184321,0.016858784726588
5190,0.0346680341880342,0.00613742154547457,0.0210923606178127
5200,0.0346680341880342,0.00613742154547457,0.018558023143067
5210,0.035011282051282,0.00613742154547457,0.0182838306755077
5220,0.035011282051282,0.00613742154547457,0.0198176319849103
5230,0.0353545299145299,0.00613742154547457,0.0208578500447648
5240,0.0360410256410256,0.00613742154547457,0.0228132024010202
5250,0.0360410256410256,0.00613742154547457,0.0254286700739034
5260,0.0363842735042735,0.00767177693184321,0.0276554007858626
5270,0.0367275213675214,0.00613742154547457,0.0318629360908139
5280,0.0374140170940171,0.00460306615910592,0.0301724746284839
5290,0.0374140170940171,0.00460306615910592,0.0281094531330828
5300,0.0381005128205128,0.00460306615910592,0.0284124205938797
5310,0.0384437606837607,0.00460306615910592,0.0307470118151359
5320,0.0387870085470085,0.00460306615910592,0.0325723180238666
5330,0.0394735042735043,0.00153435538636864,0.0322514315420843
5340,0.0398167521367521,0.00306871077273728,0.0284666900946069
5350,0.04016,0.00153435538636864,0.0308445928982221
5360,0.0405032478632479,0.00306871077273728,0.0305171359716815
5370,0.0408464957264957,0.00153435538636864,0.0334976154604713
5380,0.0411897435897436,0.00306871077273728,0.0331223951340945
5390,0.0411897435897436,0.00153435538636864,0.035821100915462
5400,0.0415329914529914,0.00460306615910592,0.03552850580896
5410,0.042562735042735,0.00153435538636864,0.0412682134162999
5420,0.0432492307692308,0.00153435538636864,0.0391774054139302
5430,0.0432492307692308,0.00153435538636864,0.0396816930704602
5440,0.0439357264957265,0,0.0392359769861803
5450,0.0446222222222222,0,0.0375861380746065
5460,0.0453087179487179,0,0.0390525727618648
5470,0.0456519658119658,0,0.041130907008896
5480,0.0459952136752137,0,0.0422393438506834
5490,0.0466817094017094,0,0.0433303032871535
5500,0.0470249572649573,-0.00153435538636864,0.0440431257346841
5510,0.047711452991453,-0.00306871077273728,0.0406092312444852
5520,0.0483979487179487,-0.00153435538636864,0.0390027097396606
5530,0.0490844444444444,-0.00306871077273728,0.0427068379436684
5540,0.0494276923076923,-0.00460306615910592,0.040693599599281
5550,0.0494276923076923,-0.00306871077273728,0.037741730054393
5560,0.0508006837606838,-0.00460306615910592,0.0396655092028045
5570,0.0511439316239316,-0.00306871077273728,0.0410481303861959
5580,0.0514871794871795,-0.00460306615910592,0.0438426088844994
5590,0.0521736752136752,-0.00460306615910592,0.0417641964202623
5600,0.0528601709401709,-0.00460306615910592,0.0424047546215966
5610,0.0532034188034188,-0.00460306615910592,0.0439062245589264
5620,0.0538899145299145,-0.00767177693184321,0.0425693959776477
5630,0.0542331623931624,-0.00613742154547457,0.0375558143443614
5640,0.0549196581196581,-0.00613742154547457,0.040021248224159
5650,0.055262905982906,-0.00613742154547457,0.0420347622521241
5660,0.0559494017094017,-0.00613742154547457,0.042676071848481
5670,0.0562926495726496,-0.00767177693184321,0.0427152425997944
5680,0.0573223931623932,-0.00767177693184321,0.0399131816265537
5690,0.0573223931623932,-0.00920613231821185,0.039654037718908
5700,0.0583521367521367,-0.00613742154547457,0.0381486026745561
5710,0.0590386324786325,-0.00920613231821185,0.044266922128529
5720,0.0593818803418803,-0.00767177693184321,0.041274318201083
5730,0.0600683760683761,-0.00920613231821185,0.0424554494710089
5740,0.0604116239316239,-0.00920613231821185,0.0405958131666408
5750,0.0607548717948718,-0.00920613231821185,0.0398189998365669
5760,0.0614413675213675,-0.0107404877045805,0.0388756886547962
5770,0.0624711111111111,-0.00920613231821185,0.0375646507294645
5780,0.0624711111111111,-0.00920613231821185,0.0419730167225447
5790,0.062814358974359,-0.0107404877045805,0.0411688710329847
5800,0.0638441025641026,-0.0107404877045805,0.037599959938376
5810,0.0641873504273504,-0.0122748430909491,0.0372895860703611
5820,0.0645305982905983,-0.0122748430909491,0.0338478284208002
5830,0.0648738461538461,-0.0122748430909491,0.0326240776278555
5840,0.065217094017094,-0.0122748430909491,0.0322977936492254
5850,0.0659035897435897,-0.0122748430909491,0.0322149825657062
5860,0.0665900854700855,-0.0122748430909491,0.0330693259578696
5870,0.0669333333333333,-0.0122748430909491,0.0339090458440161
5880,0.0672765811965812,-0.0122748430909491,0.0338031548810147
5890,0.0676198290598291,-0.0122748430909491,0.0334686500169716
5900,0.0679630769230769,-0.0122748430909491,0.0331428323970333
5910,0.0683063247863248,-0.0122748430909491,0.03282553168308
5920,0.0689928205128205,-0.0168779092500551,0.0295795391871451
5930,0.0693360683760684,-0.0153435538636864,0.0203130166188236
5940,0.0696793162393162,-0.0138091984773178,0.0220453133556003
5950,0.0700225641025641,-0.0153435538636864,0.0250696539102888
5960,0.070365811965812,-0.0138091984773178,0.0229947478778595
5970,0.0707090598290598,-0.0168779092500551,0.0232047124571699
5980,0.0710523076923077,-0.0153435538636864,0.0174992709164914
5990,0.0707090598290598,-0.0138091984773178,0.0194660119298517
6000,0.0717388034188034,-0.0168779092500551,0.0200973280189457
6010,0.0717388034188034,-0.0168779092500551,0.0145638353219326
6020,0.0720820512820513,-0.0168779092500551,0.0118679580471031
6030,0.0720820512820513,-0.0168779092500551,0.0109676278620468
6040,0.0724252991452991,-0.0168779092500551,0.00962144249596123
6050,0.0724252991452991,-0.0153435538636864,0.00982461947218834
6060,0.0731117948717949,-0.0184122646364237,0.0102946218203828
6070,0.072768547008547,-0.0153435538636864,0.00595712283296926
6080,0.072768547008547,-0.0138091984773178,0.0102514128109175
6090,0.072768547008547,-0.0138091984773178,0.0138229761687024
6100,0.0731117948717949,-0.0153435538636864,0.0123782278477095
6110,0.0731117948717949,-0.0168779092500551,0.00711756047042324
6120,0.0734550427350427,-0.0168779092500551,0.00149653471979847
6130,0.0734550427350427,-0.0168779092500551,-6.32642982637262E-05
6140,0.0734550427350427,-0.0168779092500551,-0.00141959120523589
6150,0.0734550427350427,-0.0168779092500551,-0.00298214198660907
6160,0.0737982905982906,-0.0168779092500551,-0.00427910767252938
6170,0.0737982905982906,-0.0168779092500551,-0.00485218709981843
6180,0.0737982905982906,-0.0168779092500551,-0.00611248523449932
6190,0.0734550427350427,-0.0168779092500551,-0.00781583700552273
6200,0.0737982905982906,-0.0168779092500551,-0.00994929843628195
6210,0.0734550427350427,-0.0168779092500551,-0.0108789630169905
6220,0.0734550427350427,-0.0168779092500551,-0.0129544914786092
6230,0.0734550427350427,-0.0168779092500551,-0.014523686264454
6240,0.0734550427350427,-0.0168779092500551,-0.0158292940054503
6250,0.0731117948717949,-0.0168779092500551,-0.0173442484395001
6260,0.0731117948717949,-0.0184122646364237,-0.0205852829551036
6270,0.072768547008547,-0.0184122646364237,-0.0259132891868298
6280,0.0724252991452991,-0.0153435538636864,-0.027108719442564
6290,0.0720820512820513,-0.0138091984773178,-0.0213589235939718
6300,0.0720820512820513,-0.0138091984773178,-0.0181030804473909
6310,0.0717388034188034,-0.0153435538636864,-0.0196287965179794
6320,0.0713955555555555,-0.0138091984773178,-0.0242532244618462
6330,0.0710523076923077,-0.0138091984773178,-0.0237938639396743
6340,0.0707090598290598,-0.0138091984773178,-0.0250883255628177
6350,0.070365811965812,-0.0153435538636864,-0.0282882067977841
6360,0.070365811965812,-0.0138091984773178,-0.0327492273588291
6370,0.070365811965812,-0.0153435538636864,-0.0320207721083339
6380,0.0693360683760684,-0.0138091984773178,-0.0350780096750788
6390,0.0689928205128205,-0.0138091984773178,-0.0360488980511135
6400,0.0686495726495727,-0.0138091984773178,-0.0375814718782413
6410,0.0679630769230769,-0.0122748430909491,-0.038669447232915
6420,0.0676198290598291,-0.0122748430909491,-0.0378226434950296
6430,0.0669333333333333,-0.0107404877045805,-0.0380877639781644
6440,0.0662468376068376,-0.0107404877045805,-0.0373077114787137
6450,0.0662468376068376,-0.0122748430909491,-0.0399814952448011
6460,0.0659035897435897,-0.0122748430909491,-0.0444606240680739
6470,0.065217094017094,-0.0138091984773178,-0.0479979384302723
6480,0.0648738461538461,-0.0107404877045805,-0.0520273238190271
6490,0.0641873504273504,-0.0107404877045805,-0.0476742308825419
6500,0.0638441025641026,-0.0107404877045805,-0.0482309749516185
6510,0.0631576068376068,-0.0107404877045805,-0.0500581088325046
6520,0.0624711111111111,-0.0107404877045805,-0.0525521287681747
6530,0.0614413675213675,-0.00920613231821185,-0.0544119388554931
6540,0.0610981196581197,-0.00767177693184321,-0.0530316878047018
6550,0.0600683760683761,-0.00767177693184321,-0.0505207928774314
6560,0.0597251282051282,-0.00613742154547457,-0.0514205775783272
6570,0.0586953846153846,-0.00613742154547457,-0.0496351435879621
6580,0.0583521367521367,-0.00613742154547457,-0.0514321506375337
6590,0.057665641025641,-0.00613742154547457,-0.0529054296825114
6600,0.0573223931623932,-0.00613742154547457,-0.0545847677479155
6610,0.0566358974358974,-0.00613742154547457,-0.055769797227091
6620,0.0559494017094017,-0.00767177693184321,-0.0586916325549863
6630,0.0549196581196581,-0.00613742154547457,-0.0635848996240042
6640,0.0542331623931624,-0.00613742154547457,-0.0638568722360619
6650,0.0532034188034188,-0.00153435538636864,-0.0622349582045424
6660,0.0528601709401709,-0.00306871077273728,-0.0549663757611174
6670,0.0514871794871795,-0.00153435538636864,-0.0563163447590956
6680,0.0508006837606838,0,-0.0558352889460854
6690,0.050114188034188,0,-0.0533324862766964
6700,0.0494276923076923,0,-0.053902751282687
6710,0.0487411965811966,0,-0.0553374346478228
6720,0.0483979487179487,0,-0.0565132967721496
6730,0.0473682051282051,0,-0.0572068507127259
6740,0.0470249572649573,-0.00153435538636864,-0.0601103559913581
6750,0.0463384615384615,0,-0.0633537944611913
6760,0.0456519658119658,0,-0.0617754695348046
6770,0.0446222222222222,0.00306871077273728,-0.0603281418988241
6780,0.0439357264957265,0.00306871077273728,-0.0552551885677816
6790,0.0432492307692308,0.00306871077273728,-0.0548155662545467
6800,0.042562735042735,0.00306871077273728,-0.0558986888684886
6810,0.0418762393162393,-0.00153435538636864,-0.0601368189691696
6820,0.0408464957264957,0.00306871077273728,-0.0692011538199651
6830,0.04016,0.00306871077273728,-0.0631062880647136
6840,0.0394735042735043,0.00306871077273728,-0.0616647908257838
6850,0.0387870085470085,0.00460306615910592,-0.0615796969843931
6860,0.0381005128205128,0.00460306615910592,-0.0588864981735236
6870,0.0374140170940171,0.00460306615910592,-0.0588643939594557
6880,0.0363842735042735,0.00613742154547457,-0.0588959405205679
6890,0.0353545299145299,0.00920613231821185,-0.0551358384261319
6900,0.035011282051282,0.00613742154547457,-0.0507194025258317
6910,0.0343247863247863,0.00613742154547457,-0.0560915543026761
6920,0.0336382905982906,0.00613742154547457,-0.0583428899577438
6930,0.0329517948717949,0.00613742154547457,-0.0590444701954262
6940,0.0322652991452991,0.00767177693184321,-0.0586792210967146
6950,0.0315788034188034,0.0107404877045805,-0.0535967012457651
6960,0.0308923076923077,0.00920613231821185,-0.0470613946821715
6970,0.030205811965812,0.00920613231821185,-0.0493719217901903
6980,0.0295193162393162,0.0107404877045805,-0.0497127282084398
6990,0.0291760683760684,0.00767177693184321,-0.0484454474744625
7000,0.0284895726495727,0.00920613231821185,-0.0532935773420053
7010,0.0278030769230769,0.0107404877045805,-0.0507212815331536
7020,0.0274598290598291,0.0107404877045805,-0.0464588644711754
7030,0.0267733333333333,0.0107404877045805,-0.0450711988079328
7040,0.0260868376068376,0.0107404877045805,-0.0452847978601788
7050,0.0257435897435897,0.0153435538636864,-0.0423243484862684
7060,0.025057094017094,0.0153435538636864,-0.0308856578510637
7070,0.0243705982905983,0.0138091984773178,-0.0292733873681204
7080,0.0240273504273504,0.0122748430909491,-0.033980248121806
7090,0.0236841025641026,0.0122748430909491,-0.0376656717348233
7100,0.0233408547008547,0.0122748430909491,-0.0375627684432061
7110,0.0233408547008547,0.0107404877045805,-0.0374150504795772
7120,0.022654358974359,0.0122748430909491,-0.0383655491727674
7130,0.0223111111111111,0.0138091984773178,-0.0344110603149934
7140,0.0219678632478632,0.0168779092500551,-0.0270845993417369
7150,0.0212813675213675,0.0138091984773178,-0.0202780233884465
7160,0.0209381196581197,0.0153435538636864,-0.0245756279631424
7170,0.0205948717948718,0.0153435538636864,-0.0219932349190874
7180,0.0202516239316239,0.0153435538636864,-0.0201021302138507
7190,0.0199083760683761,0.0153435538636864,-0.0191215776937579
7200,0.0195651282051282,0.0153435538636864,-0.0181623800188689
7210,0.0195651282051282,0.0138091984773178,-0.0180465011334402
7220,0.0195651282051282,0.0122748430909491,-0.0206729799426028
7230,0.0195651282051282,0.0122748430909491,-0.0230151406476362
7240,0.0192218803418803,0.0138091984773178,-0.0210036204641493
7250,0.0192218803418803,0.0138091984773178,-0.0162446239096926
7260,0.0188786324786325,0.0153435538636864,-0.0126721329141243
7270,0.0185353846153846,0.0153435538636864,-0.00812758789466455
7280,0.0185353846153846,0.0138091984773178,-0.00734351123920248
7290,0.0178488888888889,0.0153435538636864,-0.00854147223749366
7300,0.0178488888888889,0.0168779092500551,-0.004594646637922
7310,0.0178488888888889,0.0168779092500551,0.00154304471774336
7320,0.0178488888888889,0.0153435538636864,0.00348332320970199
7330,0.017505641025641,0.0138091984773178,0.000607907166858454
7340,0.0178488888888889,0.0153435538636864,-0.00161730737178301
7350,0.0178488888888889,0.0138091984773178,0.00264009498214032
7360,0.0178488888888889,0.0153435538636864,0.0030489944531856
7370,0.0178488888888889,0.0153435538636864,0.00757377464553579
7380,0.0178488888888889,0.0153435538636864,0.0102671469065927
7390,0.0178488888888889,0.0168779092500551,0.0130936940828682
7400,0.0181921367521368,0.0168779092500551,0.0187137957369057
7410,0.0178488888888889,0.0168779092500551,0.0220731779067883
7420,0.0181921367521368,0.0138091984773178,0.0212187231664448
7430,0.0188786324786325,0.0138091984773178,0.0167869484753187
7440,0.0185353846153846,0.0153435538636864,0.0194237883255639
7450,0.0192218803418803,0.0122748430909491,0.0223926917814944
7460,0.0195651282051282,0.0122748430909491,0.0193259675467294
7470,0.0195651282051282,0.0122748430909491,0.0202104549980613
7480,0.0202516239316239,0.0122748430909491,0.0221260874007382
7490,0.0202516239316239,0.0122748430909491,0.0251682509819337
7500,0.0205948717948718,0.0122748430909491,0.0269888000238543
7510,0.0205948717948718,0.0153435538636864,0.0311211295684715
7520,0.0212813675213675,0.0122748430909491,0.0380572724044094
7530,0.0216246153846154,0.0107404877045805,0.0347430018648032
7540,0.0219678632478632,0.0107404877045805,0.031901551683508
7550,0.022654358974359,0.0107404877045805,0.0334767897396817
7560,0.0233408547008547,0.00767177693184321,0.0347133558565201
7570,0.0236841025641026,0.00767177693184321,0.0306997436509593
7580,0.0240273504273504,0.00920613231821185,0.0321210737353004
7590,0.0247138461538462,0.00767177693184321,0.0368181786187839
7600,0.025057094017094,0.00920613231821185,0.037953036549018
7610,0.0254003418803419,0.00920613231821185,0.0427260320068954
7620,0.0257435897435897,0.00920613231821185,0.045432062373055
7630,0.0264300854700855,0.00920613231821185,0.0474507651147843
7640,0.0267733333333333,0.00767177693184321,0.0490731398223731
7650,0.0274598290598291,0.00613742154547457,0.046530963234192
7660,0.0274598290598291,0.00613742154547457,0.044271451765415
7670,0.0288328205128205,0.00460306615910592,0.043794346175538
7680,0.0298625641025641,0.00460306615910592,0.0446169345770471
7690,0.030205811965812,0.00306871077273728,0.0465165856951706
7700,0.0308923076923077,0.00153435538636864,0.0437206809828718
7710,0.0315788034188034,0.00153435538636864,0.0414494916212739
7720,0.0322652991452991,0.00153435538636864,0.0429452840565551
7730,0.032608547008547,0.00306871077273728,0.0461097299210405
7740,0.0332950427350427,0.00153435538636864,0.0500746295339227
7750,0.0336382905982906,0.00306871077273728,0.0502588206400099
7760,0.0339815384615385,0.00306871077273728,0.0540997897997041
7770,0.035011282051282,0.00153435538636864,0.0553046330712612
7780,0.0356977777777778,0.00153435538636864,0.0546344647506967
7790,0.0363842735042735,0.00153435538636864,0.0561300867231464
7800,0.0370707692307692,0,0.0571818347693121
7810,0.037757264957265,0,0.0556031868285958
7820,0.0384437606837607,0,0.0566737795460507
7830,0.0394735042735043,-0.00153435538636864,0.0577765976086558
7840,0.04016,-0.00306871077273728,0.0558891443588656
7850,0.0408464957264957,-0.00460306615910592,0.0522871715762735
7860,0.0418762393162393,-0.00460306615910592,0.0496335540621185
7870,0.0422194871794872,-0.00460306615910592,0.0509851071305032
7880,0.0432492307692308,-0.00460306615910592,0.0520237949112837
7890,0.0435924786324786,-0.00460306615910592,0.0539755186687353
7900,0.0435924786324786,-0.00613742154547457,0.0532019141839038
7910,0.0449654700854701,-0.00460306615910592,0.0504296540609699
7920,0.0453087179487179,-0.00460306615910592,0.0557357627936468
7930,0.0459952136752137,-0.00460306615910592,0.0575696704405265
7940,0.0466817094017094,-0.00613742154547457,0.0576760213969028
7950,0.047711452991453,-0.00613742154547457,0.0556382789287097
7960,0.0483979487179487,-0.00613742154547457,0.0569572345310749
7970,0.0490844444444444,-0.00613742154547457,0.058427472725906
7980,0.0497709401709402,-0.00460306615910592,0.060697650363156
7990,0.0508006837606838,-0.00920613231821185,0.0626045598005715
8000,0.0514871794871795,-0.00920613231821185,0.0547206705598657
8010,0.0525169230769231,-0.00920613231821185,0.0535028623232419
8020,0.0528601709401709,-0.00920613231821185,0.0551579096509075
8030,0.0535466666666667,-0.00920613231821185,0.0553878506027768
8040,0.0542331623931624,-0.0107404877045805,0.0550258470866572
8050,0.055262905982906,-0.0107404877045805,0.0525289335669975
8060,0.0559494017094017,-0.0122748430909491,0.0523403919602972
8070,0.0562926495726496,-0.0122748430909491,0.0494837147434536
8080,0.0573223931623932,-0.0122748430909491,0.0486050103486469
8090,0.0580088888888889,-0.0122748430909491,0.0500160465955217
8100,0.0586953846153846,-0.0122748430909491,0.0509380350761391
8110,0.0590386324786325,-0.0122748430909491,0.0513784366371846
8120,0.0597251282051282,-0.0138091984773178,0.0500586744534511
8130,0.0604116239316239,-0.0138091984773178,0.0468534720423292
8140,0.0604116239316239,-0.0107404877045805,0.0482069873673471
8150,0.0617846153846154,-0.0153435538636864,0.0515386174924842
8160,0.0624711111111111,-0.0153435538636864,0.0445328497898858
8170,0.0631576068376068,-0.0153435538636864,0.0428368362819958
8180,0.0635008547008547,-0.0168779092500551,0.0420344513222492
8190,0.0645305982905983,-0.0168779092500551,0.0381745172106867
8200,0.0648738461538461,-0.0168779092500551,0.0381705191316613
8210,0.0655603418803419,-0.0168779092500551,0.0378781068740928
8220,0.0659035897435897,-0.0168779092500551,0.03782637503504
8230,0.0659035897435897,-0.0168779092500551,0.0368443834672293
8240,0.0665900854700855,-0.0168779092500551,0.035187447727539
8250,0.0672765811965812,-0.0168779092500551,0.0351969872117753
8260,0.0672765811965812,-0.0184122646364237,0.0341490101357519
8270,0.0679630769230769,-0.0184122646364237,0.0291148970358591
8280,0.0683063247863248,-0.0184122646364237,0.0279597430859218
8290,0.0683063247863248,-0.0168779092500551,0.0280574565416016
8300,0.0689928205128205,-0.0168779092500551,0.0300730852652434
8310,0.0693360683760684,-0.0199466200227923,0.0287195421503904
8320,0.0700225641025641,-0.0199466200227923,0.0210645735987022
8330,0.070365811965812,-0.0199466200227923,0.0192555280872229
8340,0.0707090598290598,-0.0199466200227923,0.0185283135737067
8350,0.0707090598290598,-0.0199466200227923,0.017349721129027
8360,0.0710523076923077,-0.0199466200227923,0.0154979111064201
8370,0.0717388034188034,-0.021480975409161,0.0135606123016541
8380,0.0713955555555555,-0.021480975409161,0.00951077833545488
8390,0.0713955555555555,-0.0184122646364237,0.00794085683171425
8400,0.0713955555555555,-0.0184122646364237,0.0127339402508716
8410,0.0713955555555555,-0.0184122646364237,0.0124377999086846
8420,0.0717388034188034,-0.0199466200227923,0.00958239682211121
8430,0.0720820512820513,-0.021480975409161,0.00404502479697207
8440,0.0720820512820513,-0.021480975409161,-0.00138377130610552
8450,0.0720820512820513,-0.021480975409161,-0.00415202100321065
8460,0.0724252991452991,-0.021480975409161,-0.00599251959376268
8470,0.0724252991452991,-0.021480975409161,-0.00709847441774952
8480,0.0724252991452991,-0.021480975409161,-0.00888119941193805
8490,0.0720820512820513,-0.021480975409161,-0.0110967343785572
8500,0.0724252991452991,-0.0230153307955296,-0.0147896657087045
8510,0.0720820512820513,-0.0230153307955296,-0.0198622524742135
8520,0.0720820512820513,-0.0230153307955296,-0.0233854392257265
8530,0.0724252991452991,-0.0230153307955296,-0.0252676166244376
8540,0.0720820512820513,-0.0230153307955296,-0.026416561350253
8550,0.0717388034188034,-0.0184122646364237,-0.0260028471761159
8560,0.0713955555555555,-0.0184122646364237,-0.0182229200293522
8570,0.0707090598290598,-0.0184122646364237,-0.0186747060234714
8580,0.070365811965812,-0.0199466200227923,-0.0234895769909215
8590,0.0700225641025641,-0.0184122646364237,-0.0290704121050378
8600,0.0700225641025641,-0.0168779092500551,-0.0277907922756873
8610,0.0696793162393162,-0.0168779092500551,-0.0249685924219952
8620,0.0693360683760684,-0.0184122646364237,-0.027445016718097
8630,0.0689928205128205,-0.0184122646364237,-0.0335932040219996
8640,0.0686495726495727,-0.0184122646364237,-0.037008936832294
8650,0.0683063247863248,-0.0184122646364237,-0.0394884794391217
8660,0.0679630769230769,-0.0168779092500551,-0.0408642023771154
8670,0.0676198290598291,-0.0168779092500551,-0.0396010485541657
8680,0.0672765811965812,-0.0168779092500551,-0.0409788209050134
8690,0.0659035897435897,-0.0122748430909491,-0.0407359018123197
8700,0.0655603418803419,-0.0138091984773178,-0.0358104799728336
8710,0.065217094017094,-0.0153435538636864,-0.040401846698497
8720,0.0645305982905983,-0.0138091984773178,-0.0459985068517778
8730,0.0638441025641026,-0.0153435538636864,-0.0473788851824978
8740,0.0638441025641026,-0.0168779092500551,-0.0539134251409803
8750,0.0631576068376068,-0.0168779092500551,-0.0597985257730976
8760,0.0624711111111111,-0.0138091984773178,-0.0613693675181911
8770,0.0621278632478632,-0.0153435538636864,-0.0581022811724614
8780,0.0610981196581197,-0.0138091984773178,-0.0612247641478297
8790,0.0604116239316239,-0.0122748430909491,-0.0611444867213853
8800,0.0593818803418803,-0.0107404877045805,-0.0589106769310212
8810,0.0583521367521367,-0.0107404877045805,-0.0582968512426639
8820,0.057665641025641,-0.0107404877045805,-0.0611846915046236
8830,0.0569791452991453,-0.0107404877045805,-0.0639602333951078
8840,0.0566358974358974,-0.0122748430909491,-0.067275173693062
8850,0.055262905982906,-0.00920613231821185,-0.0708001810462949
8860,0.0545764102564103,-0.00767177693184321,-0.0674562740441344
8870,0.0535466666666667,-0.00767177693184321,-0.0649957314940516
8880,0.0525169230769231,-0.00613742154547457,-0.0663548442572794
8890,0.0518304273504274,-0.00613742154547457,-0.0659488776499928
8900,0.0511439316239316,-0.00613742154547457,-0.0672378838706983
8910,0.0497709401709402,-0.00613742154547457,-0.0696142906555944
8920,0.0487411965811966,0.00306871077273728,-0.0672362387727826
8930,0.0483979487179487,0,-0.0504061478685584
8940,0.047711452991453,0,-0.0529600082527014
8950,0.0466817094017094,-0.00153435538636864,-0.0572259629891
8960,0.0463384615384615,-0.00460306615910592,-0.06509485783693
8970,0.0456519658119658,-0.00613742154547457,-0.0750881657996354
8980,0.0449654700854701,-0.00613742154547457,-0.0818700467349589
8990,0.0442789743589744,-0.00153435538636864,-0.0812273193704912
9000,0.0432492307692308,-0.00153435538636864,-0.0721229642433518
9010,0.0418762393162393,0.00153435538636864,-0.0700971631390296
9020,0.0408464957264957,0.00306871077273728,-0.0653773830410111
9030,0.0398167521367521,0.00153435538636864,-0.0637294367056214
9040,0.0387870085470085,0.00306871077273728,-0.0678007869921
9050,0.0381005128205128,0.00306871077273728,-0.0672070281339448
9060,0.0374140170940171,0.00306871077273728,-0.0674405809292536
9070,0.0367275213675214,0.00153435538636864,-0.0693696652758306
9080,0.0356977777777778,0.00767177693184321,-0.0698848400147627
9090,0.0353545299145299,0.00306871077273728,-0.0609595165544633
9100,0.0346680341880342,0.00153435538636864,-0.0693007419911725
9110,0.0336382905982906,0.00306871077273728,-0.0753832382598591
9120,0.0329517948717949,0.00460306615910592,-0.0733825807334939
9130,0.0315788034188034,0.00613742154547457,-0.0692681736801742
9140,0.0308923076923077,0.00613742154547457,-0.0672741338990672
9150,0.0298625641025641,0.00613742154547457,-0.0676468588167268
9160,0.0295193162393162,0.00460306615910592,-0.0699430766149443
9170,0.0281463247863248,0.00920613231821185,-0.0707135513489591
9180,0.0274598290598291,0.00920613231821185,-0.0628796030364313
9190,0.0264300854700855,0.0107404877045805,-0.060187789943279
9200,0.0260868376068376,0.0107404877045805,-0.0575508858242139
9210,0.0254003418803419,0.0107404877045805,-0.0561870613666495
9220,0.0243705982905983,0.0107404877045805,-0.0564261624751544
9230,0.0236841025641026,0.0107404877045805,-0.0575961060555768
9240,0.0233408547008547,0.0153435538636864,-0.0546419752778059
9250,0.0223111111111111,0.0153435538636864,-0.0432116076699009
9260,0.0219678632478632,0.0153435538636864,-0.0410136762201638
9270,0.0212813675213675,0.0168779092500551,-0.039255706132772
9280,0.0209381196581197,0.0122748430909491,-0.0383251113000026
9290,0.0202516239316239,0.0122748430909491,-0.0474075035421776
9300,0.0199083760683761,0.00920613231821185,-0.0519234870453245
9310,0.0195651282051282,0.0107404877045805,-0.0572112952336533
9320,0.0188786324786325,0.0122748430909491,-0.05350025766761
9330,0.0181921367521368,0.0153435538636864,-0.0469401704988354
9340,0.017505641025641,0.0138091984773178,-0.0400604304207707
9350,0.0164758974358974,0.0153435538636864,-0.0412108949459299
9360,0.0161326495726496,0.0168779092500551,-0.0382638636939667
9370,0.0157894017094017,0.0184122646364237,-0.0318183431691892
9380,0.015102905982906,0.0184122646364237,-0.0261419869060933
9390,0.0147596581196581,0.0168779092500551,-0.0258202186439561
9400,0.0147596581196581,0.0168779092500551,-0.0280588589869886
9410,0.0144164102564103,0.0138091984773178,-0.0288250875645149
9420,0.0144164102564103,0.0153435538636864,-0.0333413164576358
9430,0.0140731623931624,0.0153435538636864,-0.0294633927492488
9440,0.0137299145299145,0.0153435538636864,-0.027233434020269
9450,0.0133866666666667,0.0153435538636864,-0.0261534901926128
9460,0.0130434188034188,0.0153435538636864,-0.0250968500593282
9470,0.0123569230769231,0.0168779092500551,-0.0232406740185201
9480,0.0120136752136752,0.0199466200227923,-0.0173927883207893
9490,0.0120136752136752,0.0184122646364237,-0.00917159235493364
9500,0.0116704273504273,0.0184122646364237,-0.00889588431189168
9510,0.0113271794871795,0.0184122646364237,-0.00845482281749305
9520,0.0113271794871795,0.0168779092500551,-0.00820839572371415
9530,0.0113271794871795,0.0168779092500551,-0.00964955658176846
9540,0.0113271794871795,0.0138091984773178,-0.0103302697606685
9550,0.0113271794871795,0.0168779092500551,-0.0132396934768646
9560,0.0113271794871795,0.0168779092500551,-0.00563594916290679
9570,0.0113271794871795,0.0168779092500551,-0.00166667137681519
9580,0.0113271794871795,0.0184122646364237,0.00153942019357666
9590,0.0113271794871795,0.0184122646364237,0.0072966773499493
9600,0.0109839316239316,0.0184122646364237,0.0100920701396845
9610,0.0109839316239316,0.0184122646364237,0.0112628523716587
9620,0.0113271794871795,0.0138091984773178,0.0101720919583777
9630,0.0109839316239316,0.0184122646364237,0.00512894439280372
9640,0.0113271794871795,0.0184122646364237,0.0147068985600968
9650,0.0109839316239316,0.0184122646364237,0.0197981352046896
9660,0.0113271794871795,0.0168779092500551,0.0201890382883134
9670,0.0113271794871795,0.0168779092500551,0.0191223390771938
9680,0.0116704273504273,0.0168779092500551,0.0204598954690233
9690,0.0116704273504273,0.0184122646364237,0.024165535191281
9700,0.0123569230769231,0.0138091984773178,0.0270119950338386
9710,0.0127001709401709,0.0153435538636864,0.0218028903865658
9720,0.0133866666666667,0.0153435538636864,0.0260521403076517
9730,0.0137299145299145,0.0122748430909491,0.0285711779442089
9740,0.0140731623931624,0.0122748430909491,0.0242450918235473
9750,0.0144164102564103,0.0122748430909491,0.0250012009796574
9760,0.0147596581196581,0.0122748430909491,0.027487299542293
9770,0.015102905982906,0.0122748430909491,0.0299267793994906
9780,0.015102905982906,0.0122748430909491,0.032085607798676
9790,0.0154461538461538,0.0138091984773178,0.0345631085070938
9800,0.0157894017094017,0.0122748430909491,0.0392493152693853
9810,0.0161326495726496,0.0122748430909491,0.0388505222162573
9820,0.0168191452991453,0.0122748430909491,0.04043931055585
9830,0.017505641025641,0.0122748430909491,0.0438038202873743
9840,0.0178488888888889,0.0107404877045805,0.0460471580535018
9850,0.0188786324786325,0.0107404877045805,0.0451732266143647
9860,0.0192218803418803,0.00767177693184321,0.045982023112658
9870,0.0199083760683761,0.00767177693184321,0.0412584080306799
9880,0.0202516239316239,0.00767177693184321,0.0420904199502612
9890,0.0205948717948718,0.00920613231821185,0.04500980693953
9900,0.0216246153846154,0.00767177693184321,0.0496678551569254
9910,0.0219678632478632,0.00613742154547457,0.0493482187738622
9921,0.022654358974359,0.00613742154547457,0.0470036704475585
9931,0.0236841025641026,0.00613742154547457,0.0488953076936802
9941,0.0240273504273504,0.00613742154547457,0.0523217812730421
9951,0.0247138461538462,0.00613742154547457,0.0542884146285352
9961,0.0254003418803419,0.00613742154547457,0.0566863802353607
9971,0.0260868376068376,0.00460306615910592,0.0582170725672095
9981,0.0267733333333333,0.00460306615910592,0.0571079778477511
9991,0.0278030769230769,0.00306871077273728,0.0578165341938454
